PLAYER;AGE;GP;W;TS.PCT;USG.PCT;POSS;3PTS.PCT;FG.PCT;PTS;REB;AST;TOV;STL;BLK;EFF;SALARY
John Collins;24;54;26;61;20.2;3423;41.3;51.5;4.8;4.6;1.5;0.4;0.6;0.3;9.4;23
Danilo Gallinari;33;66;35;57.9;18.2;3471;38;39.4;5.9;2.5;1;0.7;1;0.6;7.1;20.48
Bogdan Bogdanovic;29;63;33;56.2;21.2;3818;36.8;43.1;15.1;4;3.1;1.1;1.1;0.2;14.9;18
Clint Capela;28;74;40;60.4;14.9;4257;0;61.3;11.1;11.9;1.2;0.6;0.7;1.3;21.2;17.6
Delon Wright;30;77;42;57.6;10.1;2991;30.3;46;9;5.6;1.5;1.8;0.7;0.4;11.1;8.53
Trae Young;23;76;40;60.3;33.3;5550;38.2;46;28.4;3.7;9.7;4;0.9;0.1;27.2;8.33
De'Andre Hunter;24;53;28;54.7;19.4;3294;35.9;45.6;5.3;2.9;1;0.3;0.6;0.1;7;7.78
Onyeka Okongwu;21;48;26;71.4;13.7;2043;0;69;8.2;5.9;1.1;0.9;0.6;1.3;14.2;6.1
Kevin Knox II;23;74;40;57;16.9;4570;27.8;36.5;3.1;1.5;0.3;0.2;0.1;0.1;2.9;5.85
Lou Williams;35;56;33;50;21.5;1659;36.3;39.1;6.3;1.6;1.9;0.8;0.5;0.1;5.9;5
Kevin Huerter;33;55;36;63.4;31;4311;38.9;45.4;12.1;3.4;2.7;1.2;0.7;0.4;12.4;4.25
Gorgui Dieng;32;44;23;62.4;16.4;779;42.6;47.3;3.5;2.8;0.8;0.5;0.3;0.3;5.7;4
Jalen Johnson;20;22;14;59;18.3;265;34.7;34.8;4.6;1.7;0.8;0.5;0.2;0;3.8;2.66
Solomon Hill;31;13;7;20;6.4;287;15.4;15;0.6;1.8;0.9;0.1;0.3;0.2;2.4;2.39
Timothe Luwawu-Cabarrot;27;52;30;55.6;13.5;1467;36.1;39.8;4.4;1.6;0.8;0.4;0.3;0.1;4.5;1.94
Wes Iwundu;27;3;2;55.7;11.1;165;60;44.4;7.3;4.3;0;0.3;0.3;0;8;1.93
Kevin Durant;21;48;22;51.6;13.2;2075;38.3;51.8;29.9;7.4;6.4;3.5;0.9;0.9;31.6;42.02
Kyrie Irving;36;63;41;60;17.8;4364;41.8;46.9;27.4;4.4;5.8;2.5;1.4;0.6;25.6;35.33
Blake Griffin;33;56;29;51.8;16.7;2030;26.2;42.5;6.4;4.1;1.9;0.6;0.5;0.3;9;32.41
Goran Dragic;36;21;10;47.4;16.6;1062;25.4;37.7;7.5;3.1;4.1;1.6;0.9;0.2;9.4;19.35
Joe Harris;30;14;10;62.4;14.6;904;34.7;40.4;7.2;2.9;3.5;1;0.5;0.1;9.4;17.36
Seth Curry;31;64;38;61.5;18.2;4311;42.2;48.7;15;3.1;3.6;1.7;0.8;0.2;14.9;8.21
Patty Mills;20;17;9;63.7;13.9;872;40;40.8;11.4;1.9;2.3;0.9;0.6;0.2;9.6;5.89
Bruce Brown;25;72;37;57.5;14.6;3690;40.4;50.6;9;4.8;2.1;0.8;1.1;0.7;13;4.74
James Johnson;35;62;30;51.3;13.6;2440;31.8;40.4;3.8;1.1;1.5;0.8;0.4;0.2;4;2.64
LaMarcus Aldridge;20;75;39;55.4;27.1;5200;30.4;55;12.9;5.5;0.9;0.9;0.3;1;15.1;2.64
Andre Drummond;28;73;42;57.4;18.1;2957;0;57;7.9;9.3;1.8;1.6;1.1;0.9;15.9;2.4
Cam Thomas;20;67;32;51.9;21.2;2476;33.3;66.7;11.5;3;1.5;0;0.5;0.5;14;2.04
Day'Ron Sharpe;20;32;12;59.3;20.5;812;28.6;57.7;6.2;5;0.5;0.9;0.3;0.5;9.1;2.01
Nic Claxton;23;47;24;67.2;15;2033;0;67.4;8.7;5.6;0.9;0.8;0.5;1.1;13.3;1.78
Jayson Tatum;24;76;49;57.8;31.3;5578;11.1;30.8;2.1;2;1.1;0.6;0.6;0.1;3.3;28.1
Al Horford;36;69;46;57.4;14.7;4096;33.6;46.7;10.2;7.7;3.4;0.9;0.7;1.3;17.9;27
Jaylen Brown;25;66;43;57.4;29.8;4563;36;48.9;14.7;12;2.4;1.1;0.9;0.7;21.9;26.76
Derrick White;27;75;40;54.9;19.6;4589;31.2;42.1;13.2;3.5;4.9;1.6;0.9;0.8;15.1;15.68
Marcus Smart;28;71;47;54;17.9;4737;23.5;47.4;10.8;2.7;5.5;2.2;1.1;0.3;12.8;13.84
Daniel Theis;30;47;20;59.5;16.2;2040;38.1;43.4;11.7;4.7;1.5;0.6;0.4;0.2;12.5;8.28
Robert Williams III;24;61;40;74.5;11.2;3666;0;73.6;10;9.6;2;1;0.9;2.2;21.7;3.66
Aaron Nesmith;22;52;32;50.7;16.4;1196;27;39.6;3.8;1.7;0.4;0.6;0.4;0.1;3.6;3.63
Enes Freedom;30;35;20;58.5;12.9;847;40;52.6;3.7;4.6;0.2;0.6;0.1;0.4;7;2.64
Grant Williams;23;77;49;63.5;12.3;3832;41.1;47.5;7.8;3.6;1;0.8;0.5;0.7;9.8;2.62
Payton Pritchard;27;9;2;43.2;10.6;333;41.2;42.9;6.2;1.9;2;0.6;0.4;0.1;7;2.14
Gordon Hayward;32;49;26;57;20.2;3352;39.1;45.9;15.9;4.6;3.6;1.7;1;0.4;16.6;29.93
Terry Rozier;28;73;38;56.6;22.7;5175;37.4;44.4;19.3;4.3;4.5;1.3;1.3;0.3;19.2;17.91
Kelly Oubre Jr.;31;40;13;56.1;20.7;1623;34.5;44;15;4;1.1;0.9;1;0.4;12.9;12
Montrezl Harrell;28;71;36;68;19.8;3383;23.5;64.5;13.1;6.1;2;1;0.4;0.6;17.2;9.72
Mason Plumlee;32;73;40;60.3;11.7;3771;31.3;50;5.7;2.3;1.1;0.6;1.7;1.1;8.9;9.25
LaMelo Ball;24;63;35;54.4;16.9;2066;38.9;42.9;20.1;6.7;7.6;3.3;1.6;0.4;23.2;8.23
Miles Bridges;24;80;41;59.3;22.4;5975;25;29.6;2.2;1.1;1;0.1;0.4;0;2.6;5.42
P.J. Washington;23;65;33;58.8;15.4;3742;36.5;47;10.3;5.2;2.3;1.3;0.9;0.9;13.6;4.22
James Bouknight;21;31;15;45.9;22.6;654;33.3;36;3.8;2.5;0.5;0.4;0;0.5;4.4;4.15
Kai Jones;23;21;14;52.1;14.1;491;50;64.3;1;0.5;0.2;0.3;0;0.1;0.9;2.77
Cody Martin;26;71;41;57.9;12;3895;38.4;48.2;7.7;4;2.5;0.9;1.2;0.5;11.5;1.78
Jalen McDaniels;24;55;34;59.5;15.2;1882;37.5;45.8;4.1;1.7;0.4;0.3;0.3;0.3;4.6;1.78
Nick Richards;24;50;25;68.9;14.7;785;0;66.7;3;1.7;0.3;0.5;0.2;0.4;4.2;1.52
DeMar DeRozan;32;76;43;59;30.8;5723;37.4;40.4;10.8;4.5;2.7;1.5;1.4;0.5;12.3;26
Nikola Vucevic;31;73;41;53.3;24.4;5000;31.4;47.3;17.6;11;3.2;1.9;1;1;23.2;24
Zach LaVine;27;67;37;60.5;28.4;4827;38.9;47.6;24.4;4.6;4.5;2.6;0.6;0.3;21.7;19.5
Lonzo Ball;24;35;22;57.5;17;2530;42.3;42.3;13;5.4;5.1;2.3;1.8;0.9;17.4;18.6
Tristan Thompson;31;57;20;54.1;16.8;1859;33.3;52.8;6;5.1;0.6;0.8;0.4;0.4;8.6;9.95
Derrick Jones Jr.;25;51;28;63.3;11.9;1899;32.8;53.8;5.6;3.3;0.6;0.6;0.5;0.6;8;9.72
Alex Caruso;28;41;24;52.8;13;2372;33.3;39.8;7.4;3.6;4;1.4;1.7;0.4;11.6;8.6
Patrick Williams;33;58;33;53.9;15.8;3105;51.7;52.9;9;4.1;0.9;0.9;0.5;0.5;10.7;7.42
Coby White;22;61;32;56.4;19.5;3476;38.5;43.3;12.7;3;2.9;1.1;0.5;0.2;12;5.84
Troy Brown Jr.;22;66;37;52.5;11.8;2225;35.3;41.9;4.3;3.1;1;0.4;0.5;0.1;6.2;5.17
Tony Bradley;24;55;28;60;12.8;1169;0;58.5;3;3.4;0.5;0.6;0.2;0.6;6;1.79
Javonte Green;28;65;38;63.7;11.3;3167;29.6;31.7;3;1.4;0.9;0.6;0.4;0.2;2.8;1.67
Matt Thomas;27;40;23;56.4;13.7;977;30.7;45.9;4.6;2.4;0.5;0.7;0.6;0.5;5.6;1.67
Kevin Love;22;30;18;49.1;18.7;478;39.2;43;13.6;7.2;2.2;1.3;0.4;0.2;15.9;31.26
Jarrett Allen;24;56;35;69.8;17.7;3674;0;50;0.7;1;0.3;0;0;0;1.6;20
Caris LeVert;27;58;23;52.5;25.2;3634;25;30;5.8;1.5;3.5;1.3;0.5;0;4.8;17.5
Lauri Markkanen;25;61;32;58.2;19.2;3831;35.8;44.5;14.8;5.7;1.3;0.9;0.7;0.5;15.4;15.69
Cedi Osman;27;66;37;56.3;20.6;3028;8.3;25.6;1.4;1.5;0.3;0.2;0.5;0.2;2.3;8.13
Evan Mobley;21;69;40;54.9;20.1;4741;25;50.8;15;8.3;2.5;1.9;0.8;1.7;19.2;8.08
Rajon Rondo;22;70;33;51.1;26.8;4932;35.2;38.6;4.8;2.8;4.4;1.7;0.8;0.2;8.3;7.5
Darius Garland;22;68;37;57.6;27.2;4954;38.3;46.2;21.7;3.3;8.6;3.6;1.3;0.1;21.8;7.04
Isaac Okoro;21;67;34;58.9;12.3;4014;35;48;8.8;3;1.8;0.9;0.8;0.3;10;6.72
Collin Sexton;23;11;7;52.3;26.4;663;24.4;45;16;3.3;2.1;2.8;0.9;0;11.1;6.35
Ed Davis;33;31;15;63.2;6.2;406;0;68.8;0.9;2.1;0.2;0.2;0.1;0.3;3;2.64
Dylan Windler;25;50;28;51.9;11.5;928;30;37.8;2.2;1.8;0.7;0.3;0.3;0.1;3.4;2.24
Moses Brown;22;40;19;61.2;19.9;723;0;59.3;4.3;3.4;0;0.5;0.2;0.4;6;1.93
Dean Wade;25;51;27;58.4;10.7;1996;0;0;0;0;0;0;0;0;0;1.78
Kevin Pangos;33;74;38;59.4;23.9;3487;23.1;32.6;1.6;0.5;1.3;0.3;0.1;0;1.8;1.57
Tim Hardaway Jr.;30;42;24;52;21.4;2517;33.6;39.4;14.2;3.7;2.2;0.8;0.9;0.1;12.1;21.31
Spencer Dinwiddie;29;67;38;54.3;20.8;4052;33.9;41.6;13.7;4.2;5.2;1.6;0.7;0.2;15.1;19.31
Davis Bertans;29;56;32;53.1;16.5;1681;33.5;36;5.6;2.1;0.6;0.3;0.3;0.2;5.3;16
Dwight Powell;30;82;52;72.5;13.6;3556;35.1;67.1;8.7;4.9;1.2;0.8;0.5;0.5;12.8;11.08
Luka Doncic;23;65;44;57.1;36.8;4604;35.3;45.7;28.4;9.1;8.7;4.5;1.2;0.6;29.9;10.17
Reggie Bullock;30;70;29;53.8;18;2842;36;40.1;8.6;3.5;1.2;0.6;0.6;0.2;9;9.54
Maxi Kleber;30;59;36;53.7;13.1;2916;50;66.7;1;0;0.6;0.2;0;0;1.2;8.75
Dorian Finney-Smith;29;80;51;60.4;13.8;5227;39.5;47.1;11;4.7;1.9;1;1.1;0.5;13.3;4
Boban Marjanovic;33;23;15;61.5;31.1;265;25;60;4.3;1.7;0.1;0.7;0;0.1;3.9;3.5
Trey Burke;29;42;24;47.5;25;909;31.7;39.1;5.1;0.8;1.4;0.6;0.3;0;3.9;3.15
Sterling Brown;27;49;31;49.5;12.4;1313;30.4;38.1;3.3;3;0.7;0.5;0.3;0.1;4.9;3
Josh Green;21;67;44;57.8;13;2170;34.3;50.4;14.9;7.2;4.1;2.1;1.1;0.2;19.3;2.96
Jalen Brunson;25;79;50;58.3;21.5;5036;32.8;50.3;9.2;6;0.5;0.8;0.3;0.8;12.1;1.8
Frank Ntilikina;23;58;34;51.3;16.5;1416;34.2;39.9;4.1;1.4;1.2;0.5;0.5;0.1;4.5;1.79
Nikola Jokic;27;74;46;66.1;30.9;5136;33.7;58.3;27.1;13.8;7.9;3.8;1.5;0.9;38.8;31.04
Aaron Gordon;26;75;46;60.2;19.4;4908;33.5;52;15;5.9;2.5;1.8;0.6;0.6;16.7;16.41
Will Barton;31;71;41;54.8;20.5;4713;36.5;43.8;14.7;4.8;3.9;1.8;0.8;0.4;15.3;15.63
Monte Morris;27;75;44;58.3;17.3;4601;39.5;48.4;12.6;3;4.4;1;0.7;0.2;14.5;8.45
JaMychal Green;32;67;36;58.7;16.8;2241;31.7;46;9.2;4.2;1.1;1.1;0.7;0.8;10.4;8.2
Michael Porter Jr.;24;9;5;41.6;19.2;556;36.9;53.4;14.2;4.2;2.3;0.8;1.2;0.4;16.3;5.26
Bryn Forbes;28;75;36;57.4;20.1;2731;41.4;42.9;8.8;1.2;1;0.7;0.3;0.1;6.5;4.5
Jeff Green;35;75;44;62.7;16;3831;0;66.7;2;1.5;0;0;0.5;0;3.5;4.5
Facundo Campazzo;31;65;38;50.3;14.3;2451;30.1;36.1;5.1;1.8;3.4;1;1;0.4;7.4;3.1
Zeke Nnaji;21;41;24;62.9;14.6;1443;46.3;51.6;6.6;3.6;0.4;0.6;0.4;0.3;7.9;2.5
Austin Rivers;29;67;41;54.6;12.3;3047;34.2;41.7;6;1.7;1.3;0.8;0.8;0.1;5.9;2.4
Bones Hyland;21;69;41;55.8;23.1;2722;36.6;40.3;10.1;2.7;2.8;1.2;0.6;0.3;10.1;2.1
DeMarcus Cousins;31;48;33;56.7;26.7;1507;14.3;10;1;2;0.3;0;1;0.3;1.6;2.04
Vlatko Cancar;25;15;7;65.7;13.1;387;58.3;56.1;4.1;2.1;1.1;0.6;0.1;0.2;5.5;1.78
Jerami Grant;28;47;11;55.6;25.3;3082;35.2;41.4;7.5;5.6;1;0.8;0.6;0.3;10;20
Kelly Olynyk;26;31;4;41;16.1;732;33.6;44.8;9.1;4.4;2.8;1.5;0.8;0.5;11.6;12.2
Marvin Bagley III;23;48;17;55.1;19.1;2359;25;46.7;6.8;2.5;1;0.3;0.5;0;7.7;11.31
Cade Cunningham;20;64;20;50.4;27.3;4290;27;43.3;8.5;2.4;1.2;0.8;0.5;0.1;7.4;10.05
Cory Joseph;30;65;19;57.9;14.1;3290;41.4;44.5;8;2.7;3.6;1.3;0.6;0.3;10.2;7.31
Killian Hayes;30;66;44;57.7;25.5;4613;26.3;38.3;6.9;3.2;4.2;1.7;1.2;0.5;9.8;5.57
Hamidou Diallo;23;58;14;54.1;21.3;2657;24.7;49.6;11;4.8;1.3;1;1.2;0.3;12.2;5.2
Isaiah Stewart;21;71;21;55;14.4;3723;32.6;51;8.3;8.7;1.2;1.2;0.3;1.1;14.5;3.28
Frank Jackson;24;53;9;53;20.3;2445;30.8;40.2;10.6;1.6;1;0.7;0.5;0.2;7.4;3
Saddiq Bey;23;82;23;52.9;20.9;5605;34.6;39.6;16.1;5.4;2.8;1.2;0.9;0.2;15.3;2.82
Rodney McGruder;30;51;13;57.7;14.2;1597;39.7;43.6;5.4;2.2;0.9;0.5;0.4;0.1;5.9;1.94
Carsen Edwards;24;4;1;37.8;17.9;165;0;0;0;1;1;0.3;0;0;-0.9;1.86
Deividas Sirvydis;22;3;1;15;14.9;61;37.9;45.4;4.4;2.9;2.4;0.6;1.2;0.2;8.5;1.6
Stephen Curry;34;64;45;60.1;29.3;4649;38;43.7;25.5;5.2;6.3;3.2;1.3;0.4;24.4;45.78
Klay Thompson;21;24;6;46.6;20.9;728;38.5;42.9;20.4;3.9;2.8;1.3;0.5;0.5;16.4;37.98
Andrew Wiggins;27;73;47;56;22.4;4836;39.3;46.6;17.2;4.5;2.2;1.5;1;0.7;15.4;31.58
Draymond Green;32;46;34;58.2;14;2797;29.6;52.5;7.5;7.3;7;3;1.3;1.1;17.8;24.03
Jonathan Kuminga;19;70;44;60;22.7;2457;0;0;0;1;0;0;1;0;2;5.47
Kevon Looney;22;61;16;53.1;23.9;4048;0;57.1;6;7.3;2;0.8;0.6;0.6;13.2;5.18
Moses Moody;20;52;35;57.3;14.8;1282;36.4;43.7;4.4;1.5;0.4;0.3;0.1;0.2;4.1;3.56
Andre Iguodala;38;31;20;47.8;11.3;1253;23;38;4;3.2;3.7;0.9;0.9;0.7;9.1;2.64
Otto Porter Jr.;29;63;41;58.1;14.5;2925;37;46.4;8.2;5.7;1.5;0.6;1.1;0.5;12.7;2.39
Jordan Poole;23;76;49;59.8;25.2;4765;16.7;9.1;1.3;2;0;0.3;0.3;0;0.8;2.16
Nemanja Bjelica;34;71;48;57.3;17.5;2368;36.2;46.8;6.1;4.1;2.2;1.2;0.6;0.4;9.4;2.09
Damion Lee;29;63;41;56.1;15.6;2622;34;41.1;18.1;3.3;7.1;2.5;1;0.3;17.8;1.91
Juan Toscano-Anderson;29;73;51;56.1;14.4;2045;32.2;48.9;4.1;2.4;1.7;0.9;0.7;0.2;6.1;1.7
Gary Payton II;29;71;47;67.9;14;2591;35.8;61.6;7.1;3.5;0.9;0.6;1.4;0.3;10.5;1.67
Eric Gordon;33;57;19;61.4;18.2;3576;41.2;47.5;13.4;2;2.7;1.9;0.5;0.3;11.2;18.22
Christian Wood;26;68;19;59.5;23.3;4443;38.8;46;22.1;4.3;5.1;2;1.1;0.4;20;13.67
Jalen Green;20;67;12;54.7;23.4;4563;21.4;36.1;11.8;3.6;4.4;3;1.2;0.4;10.3;8.99
Dennis Schroder;28;64;32;53.9;22.3;3757;34.4;43.1;13.5;3.3;4.6;2.2;0.8;0.1;13.3;5.89
David Nwaba;29;46;6;56.7;15;1309;30.6;48.3;5.1;3.3;0.8;0.5;0.6;0.4;7.2;4.65
Alperen Sengun;19;72;18;55.2;21.4;3161;24.8;47.4;9.6;5.5;2.6;2;0.8;0.9;12.7;3.21
Usman Garuba;20;24;2;51;9.1;517;25;43.2;2;3.5;0.7;0.3;0.4;0.5;5.7;2.35
Josh Christopher;20;74;18;53.4;20.5;2846;26.3;41.9;12.5;7.8;6.4;3.2;0.9;0.4;17.1;2.26
Garrison Mathews;25;65;19;60.2;13.7;3653;36;39.9;10;2.9;1;0.6;0.9;0.4;9.7;2
Bruno Fernando;23;30;15;67.1;19.7;338;50;65.5;2.9;1.8;0.2;0.5;0;0.4;3.9;1.78
Kevin Porter Jr.;29;24;16;40.8;14.3;346;37.5;41.5;15.6;4.4;6.2;3.1;1.1;0.4;15.7;1.78
Jae'Sean Tate;26;78;19;56.7;19.4;4361;100;61.8;13.5;9.3;2.8;1.6;0.7;1.7;21.2;1.52
Kenyon Martin Jr.;29;77;34;56.8;18.5;4816;35.7;53.3;8.8;3.8;1.3;0.8;0.4;0.5;10.3;1.52
Buddy Hield;29;81;26;54.8;21.4;5242;36.6;40.6;15.6;4.4;2.8;1.9;0.9;0.3;13.8;23.07
Malcolm Brogdon;29;36;14;55.7;24.1;2479;36.1;46.2;3.8;1.8;0.4;0.2;0.4;0.2;4.9;21.7
Myles Turner;26;42;15;61.5;17.3;2511;33.3;50.9;12.9;7.1;1;1.3;0.7;2.8;18;18
Ricky Rubio;22;10;0;53.7;22.2;385;33.9;36.3;13.1;4.1;6.6;2.6;1.4;0.2;14.7;17.8
T.J. McConnell;30;27;9;52.5;15.7;1379;30.3;48.1;8.5;3.3;4.9;1.1;1.1;0.4;12.9;7.5
Jalen Smith;22;51;29;59.5;19.3;1930;33;41;22;7.7;10.3;4.4;1.3;0.6;27.5;4.46
Tyrese Haliburton;22;77;26;59.5;18.4;5655;41.4;47.3;15.3;4;8.2;2.6;1.7;0.6;20.6;4.02
Chris Duarte;25;55;21;53.7;20.7;3193;39;50.1;17.9;10.1;2.3;1.9;0.8;1;21.9;3.75
Goga Bitadze;22;50;17;59.5;19.1;1531;28.8;52;7;3.5;1.1;0.9;0.4;0.8;8.9;3.1
Isaiah Jackson;20;36;9;60.7;21.4;1158;31.3;56.3;8.3;4.1;0.3;1.1;0.7;1.4;10.5;2.45
Oshae Brissett;24;67;19;53;16.6;3288;35;41.1;9.1;5.3;1.1;0.8;0.7;0.4;10.6;1.7
Lance Stephenson;31;46;11;53.6;21.9;1720;30;45.5;8.3;2.8;3.6;1.6;0.5;0.1;9.6;1.61
Paul George;33;81;44;56.3;16;4933;35.4;42.1;24.3;6.9;5.7;4.1;2.2;0.4;22.8;39.34
Marcus Morris Sr.;32;54;26;54.9;22.8;3191;33.1;41.8;12.1;3.8;5.9;2.2;1.7;0.3;15.2;15.63
Norman Powell;29;45;15;60.3;23.1;3027;41.9;46.1;19;3.2;2.1;1.5;0.9;0.5;16;15.52
Luke Kennard;26;70;35;61.9;16;3963;44.9;44.9;11.9;3.3;2.1;0.9;0.6;0.1;12;13.35
Robert Covington;31;71;34;57.2;13.4;4035;37.8;42;8.5;5.5;1.3;1.1;1.5;1.3;12.7;12.98
Nicolas Batum;33;59;31;60.8;13;3041;40;46.3;8.3;4.3;1.7;0.7;1;0.7;11.5;12.03
Reggie Jackson;24;5;2;86.9;7.5;162;32.6;39.2;16.8;3.6;4.8;2.3;0.7;0.2;13.5;10.38
Ivica Zubac;25;76;40;66;16.8;3786;0;62.6;10.3;8.5;1.6;1.5;0.5;1;17.2;7.52
Rodney Hood;29;52;30;49.3;10.6;1482;33;36.9;3.1;1.5;0.7;0.2;0.3;0.1;3.5;2.24
Semi Ojeleye;27;30;14;43.8;12.6;845;30;30.3;3.3;2.5;0.3;0.3;0.2;0.2;3.7;1.79
Terance Mann;25;81;41;57.2;15.7;4768;36.5;48.4;10.8;5.2;2.6;1;0.7;0.3;13.8;1.78
Isaiah Hartenstein;24;68;37;66.4;17.7;2547;46.7;62.6;8.3;4.9;2.4;1.2;0.7;1.1;13.6;1.73
Russell Westbrook;33;78;31;51.2;26.4;5730;29.8;44.4;18.5;7.4;7.1;3.8;1;0.3;20;44.21
LeBron James;37;56;25;61.9;31.7;4380;35.9;52.4;30.3;8.2;6.2;3.5;1.3;1.1;26.2;41.18
Anthony Davis;29;40;17;57.8;26.3;2977;18.6;53.2;23.2;9.9;3.1;2.1;1.2;2.3;27.8;35.36
Talen Horton-Tucker;21;60;23;50.3;18.9;3179;26.9;41.6;10;3.2;2.7;1.4;1;0.5;10.3;9.5
D.J. Augustin;34;55;15;61;13.9;1866;0;73.3;7.5;4;1.3;0.5;1.3;0.3;12.4;7.62
Sekou Doumbouya;21;2;0;71.7;28.6;36;50;62.5;7;3;0;1;1.5;1;9.5;3.8
Avery Bradley;31;62;27;55;11.9;2953;39;42.3;6.4;2.2;0.8;0.6;0.9;0.1;6.6;2.64
Carmelo Anthony;38;69;27;57.9;19.5;3862;33.3;36.4;2;0.1;1;0.4;0;0;1.7;2.64
Dwight Howard;36;60;21;65.7;14.5;2019;53.3;61.2;6.2;5.9;0.6;0.8;0.6;0.6;10.8;2.64
Trevor Ariza;37;24;8;44.9;11;955;27;33.3;4;3.4;1.1;0.5;0.5;0.3;5.7;2.64
Wayne Ellington;34;43;15;59.3;13.5;1708;38.9;41.4;6.7;1.8;0.7;0.4;0.5;0.1;6.1;2.64
Kent Bazemore;27;49;17;53.2;15.3;2211;36.3;32.4;3.4;1.8;0.9;0.5;0.6;0.2;3.9;2.4
Malik Monk;24;76;32;59.7;19.5;4546;0;60;8;1;1;1;0;0;7;1.79
Steven Adams;28;76;51;56;11.8;4150;0;54.7;6.9;10;3.4;1.5;0.9;0.8;17;17.07
Dillon Brooks;26;32;22;51.5;28.3;1872;30.9;43.2;18.4;3.2;2.8;1.6;1.1;0.3;14.4;12.2
Kyle Anderson;26;51;26;57.7;28.6;3030;33;44.6;7.6;5.3;2.7;1;1.1;0.7;12.1;9.94
Ja Morant;22;57;36;57.5;33;4003;50;47.4;4.4;2.3;0.5;0.7;0.3;0.1;5.2;9.6
Jaren Jackson Jr.;22;78;53;53.5;24.8;4518;10;67.7;16.1;10.8;1.6;1.7;0.8;1.3;24.5;9.18
De'Anthony Melton;24;73;49;52.9;20.5;3587;36.8;63.4;17.2;10.2;1.4;1.6;0.7;0.7;23.6;8.81
Tyus Jones;26;73;51;54.4;16.4;3262;39;45.1;8.7;2.4;4.4;0.6;0.9;0;11.4;8.38
Jarrett Culver;23;37;28;43.3;19.9;727;22.2;62.9;9.2;6.7;0.6;1.3;0.3;1.1;13.7;6.4
Ziaire Williams;20;62;41;55.9;14.4;2896;31.4;45;8.1;2.1;1;0.7;0.6;0.2;7.4;4.37
Brandon Clarke;25;64;44;66;17.1;2703;22.7;64.4;10.4;5.3;1.3;0.5;0.6;1.1;15;2.73
John Konchar;26;72;48;61.5;9.7;2745;0;0;0;0.7;0.3;0;0.3;0;0.3;2.2
Desmond Bane;24;76;53;59.2;22.6;4770;43.6;46.1;18.2;4.4;2.7;1.5;1.2;0.4;17.4;2.03
Santi Aldama;21;32;20;45.2;17.4;765;12.5;40.2;4.1;2.7;0.7;0.5;0.2;0.3;4.7;1.99
Killian Tillie;20;66;21;46.1;15.4;3437;31.4;33.9;3.3;1.7;0.6;0.4;0.6;0.4;3.8;1.9
Tyrell Terry;21;2;2;100;11.1;8;0;100;1;0;0;0;0;0;1;1.87
Sam Merrill;26;6;2;48.5;17.8;122;30.4;33.3;4.2;1.2;0.7;0.3;0;0;2.7;1.52
Xavier Tillman;23;53;35;51;16.4;1469;20.4;45.4;4.8;3;1.2;0.6;0.9;0.3;6.9;1.52
Jimmy Butler;32;57;38;59.2;26;3886;32.6;49.5;4.9;2.6;0.8;0.6;0.2;0.3;6.1;36.02
Bam Adebayo;24;56;36;60.8;24.8;3696;36.2;40.1;10.2;1.6;0.9;0.9;0.6;0.2;7.3;28.1
Kyle Lowry;26;66;29;54.7;23.8;4541;37.7;44;13.4;4.5;7.5;2.7;1.1;0.3;18;26.98
Duncan Robinson;28;79;52;57.3;17.4;4106;37.2;39.9;10.9;2.6;1.6;0.8;0.5;0.2;9.3;15.65
P.J. Tucker;37;71;45;59.3;11.6;3970;41.5;48.4;7.6;5.5;2.1;0.9;0.8;0.2;11.9;7
Dewayne Dedmon;32;67;43;63.2;16.4;2169;40.4;56.6;6.3;5.8;0.7;1;0.4;0.6;10.5;5.26
Tyler Herro;22;66;44;56.1;27.8;4391;39.9;44.7;20.7;5;4;2.6;0.7;0.1;18.1;4
Markieff Morris;32;17;10;54.7;19.7;613;20;26.7;1.9;1.1;0;0.2;0.1;0.1;1.4;2.64
Udonis Haslem;42;13;10;49.5;18.3;179;25;45.2;2.5;1.9;0.3;0.4;0.1;0.1;3.2;2.64
Victor Oladipo;30;8;4;60.8;24.7;359;41.7;47.9;12.4;2.9;3.5;2;0.6;0.1;12.2;2.39
Gabe Vincent;26;68;47;55.1;17.4;3232;36.8;41.7;8.7;1.9;3.1;1.4;0.9;0.2;8.8;1.67
Max Strus;26;68;46;61.4;17.7;3205;32.5;39.8;7;5.9;1.2;0.8;0.5;1;10.9;1.67
Giannis Antetokounmpo;27;67;45;63.3;34;4743;29.3;55.3;29.9;11.6;5.8;3.3;1.1;1.4;35.1;39.34
Khris Middleton;29;55;34;53.4;10.8;2021;37.3;44.3;20.1;5.4;5.4;2.9;1.2;0.3;20.3;35.5
Jrue Holiday;32;67;47;59.3;23.1;4666;25.9;43.6;2;1.3;0.6;0.3;0.2;0.3;2.9;31.17
Brook Lopez;34;13;10;57;21.1;639;35.8;46.6;12.4;4.1;0.5;0.9;0.6;1.2;12.2;13.3
Serge Ibaka;32;54;30;57.9;17.2;1856;37.4;50;6.8;4.6;0.9;0.8;0.2;0.6;9.3;9.72
Pat Connaughton;28;68;40;56.5;25.7;5177;39.5;45.8;9.9;4.2;1.3;0.5;0.9;0.2;11.8;5.33
George Hill;36;54;36;55.2;11.5;2652;30.6;42.9;6.2;2.9;2.2;0.8;0.8;0.1;8.5;5.28
Bobby Portis;27;72;46;57.1;20.7;4311;39.3;47.9;14.6;9.1;1.2;1.3;0.7;0.7;18.3;4.35
Jevon Carter;26;66;39;53.1;13.5;1922;23.3;48;21.4;5.9;5.5;2.1;1.6;0.5;24.2;4.11
Grayson Allen;26;66;43;60.9;14.8;3842;40.9;44.8;11.1;3.4;1.5;0.7;0.7;0.3;11.5;4.05
DeAndre' Bembry;27;56;31;60.1;11.1;2149;37.9;44.2;13.4;3.3;1.3;1.3;0.7;0.4;11.1;2.27
Wesley Matthews;35;49;33;53.6;10.4;2142;33.8;39.5;5.1;1.9;0.7;0.4;0.5;0.2;5.1;1.96
Thanasis Antetokounmpo;29;48;26;57.7;15.5;1002;14.3;54.7;3.6;2.1;0.5;0.5;0.3;0.3;4.7;1.73
Jordan Nwora;23;62;34;50.6;18.7;2548;36.4;44.8;18.5;3.4;4;2.5;0.8;0.3;16.5;1.52
Karl-Anthony Towns;21;21;14;62.8;15;136;41;52.9;24.6;9.8;3.6;3.1;1;1.1;28.2;31.65
D'Angelo Russell;26;65;39;54.4;24.6;4431;41.5;42.3;5.3;1.2;1.9;1;0.3;0;5.3;30.01
Malik Beasley;25;79;46;54.4;18.9;4250;50;42.1;1.4;1.1;0.3;0.1;0;0;1.9;14.49
Patrick Beverley;29;65;41;62;13.7;3583;34.3;40.6;9.2;4.1;4.6;1.3;1.2;0.9;13.7;14.32
Taurean Prince;28;69;40;58.9;16.6;2553;37.6;45.4;7.3;2.5;1;0.8;0.7;0.3;7.6;13.33
Anthony Edwards;20;72;39;56;26.2;5189;35.7;44.1;21.3;4.8;3.8;2.6;1.5;0.6;18.9;10.25
Josh Okogie;23;49;23;52.6;11.5;1133;41.5;43.8;10.2;2.8;1.8;1;0.9;0.4;10.3;4.09
Jarred Vanderbilt;23;74;41;61.2;10.8;3941;25.5;37.8;3.5;1.3;0.9;0.5;0.5;0.1;3.1;4.05
Jake Layman;28;34;20;50;16;509;23.1;53.7;2.4;1.2;0.1;0.4;0.1;0.1;2.5;3.94
Jaden McDaniels;21;70;40;55.3;14.9;3840;27.8;41.4;3.2;0.7;0.4;0.3;0.1;0.1;2.1;2.06
Jordan McLaughlin;26;62;36;53.5;11.5;1976;34.8;40.3;7.9;3.6;1;0.9;0.4;0.3;7.7;2
Jaylen Nowell;22;62;37;58.1;20.5;2107;0;0;0;1;1;1;0;0;-2;1.78
Naz Reid;22;77;42;58.8;20.9;2616;34.3;48.9;8.3;3.9;0.9;1.1;0.5;0.9;9.8;1.78
CJ McCollum;30;62;28;55.3;26.9;4437;41.3;50.7;9.2;3.8;1.1;0.9;1;0.5;11;30.86
Brandon Ingram;24;55;29;55.4;29.1;3817;32.7;46.1;22.7;5.8;5.6;2.7;0.6;0.5;21.7;29.47
Jonas Valanciunas;30;74;34;61.7;23.8;4562;33.6;51.3;9.3;3.3;0.9;1.1;0.4;0.3;9.1;14
Devonte' Graham;27;76;34;51.4;19.1;4455;34.1;36.3;11.9;2.3;4.2;1.4;0.9;0.2;11.1;11
Larry Nance Jr.;29;46;19;59;12.8;2118;32.9;52.2;7;5.4;1.8;0.8;0.9;0.4;11.8;10.69
Jaxson Hayes;22;70;29;68;15.9;2914;0;0;0;1;0.3;0.3;0.3;0.3;0.8;5.35
Garrett Temple;36;59;23;49.4;13.6;2267;31.9;37.6;5.2;2.4;1.3;0.7;0.7;0.4;6;4.91
Kira Lewis Jr.;24;36;27;45.2;12.8;955;22.4;40.4;5.9;1.6;2;1.1;0.5;0;5.2;3.82
Trey Murphy III;22;62;31;55.8;14.7;1810;38.2;39.4;5.4;2.4;0.6;0.3;0.4;0.1;5.8;3.05
Tony Snell;30;53;19;54.1;9.9;1714;35.2;40.4;3.5;1.9;0.5;0.4;0.3;0.2;4.1;2.39
Willy Hernangomez;28;50;22;58.2;21.1;1773;33.3;52;9.1;6.8;1.3;1;0.4;0.4;13.3;2.33
Jose Alvarado;24;54;25;52;17.4;1756;29.6;44.8;7.9;2.5;2;1.5;0.9;0.2;7.8;1.93
Herbert Jones;23;78;36;57.3;13.6;4796;33.7;47.6;9.5;3.8;2.1;1.3;1.7;0.8;12.4;1.7
Naji Marshall;24;55;23;50.5;19.7;1557;20;40.5;5.7;2.6;1.1;0.8;0.6;0.1;6;1.52
Kemba Walker;26;76;39;56;22.3;4235;36.7;40.3;11.6;3;3.5;1.3;0.7;0.2;11.4;34.97
Julius Randle;27;72;32;50.9;27.9;5187;30.8;41.1;20.1;9.9;5.1;3.4;0.7;0.5;21.3;19.8
Evan Fournier;29;80;36;55.4;20.1;4828;38.9;41.7;14.1;2.6;2.1;1.3;1;0.3;11.3;17.14
Derrick Rose;33;26;11;54.1;21.7;1300;40.2;44.5;12;3;4;1.5;0.8;0.5;13;13.45
Alec Burks;30;81;37;55.9;17.1;4691;40.4;39.1;11.7;4.9;3;1.1;1;0.3;13.7;9.54
Nerlens Noel;28;25;10;58.1;7.2;1157;0;53.3;3.4;5.6;0.9;0.8;1.2;1.2;10;8.8
RJ Barrett;28;45;16;68.9;15.3;2274;34.2;40.8;20;5.8;3;2.2;0.6;0.2;15.6;8.62
Obi Toppin;24;72;32;61.4;20.5;2494;30.8;53.1;9;3.7;1.1;0.8;0.3;0.5;10.3;5.11
Taj Gibson;37;52;24;60.6;9.9;1897;39.5;51.8;4.4;4.4;0.6;0.5;0.4;0.8;8.4;4.91
Cam Reddish;22;49;20;54.3;21.3;2118;33.3;35.7;4.7;5;1;0;0;0.3;8;4.67
Immanuel Quickley;23;78;35;54.3;21.7;3626;34.6;39.2;11.3;3.2;3.5;1.3;0.7;0;11.4;2.21
Quentin Grimes;22;73;46;50.3;18;3483;35.9;43.9;9.1;6.5;1.1;1.2;0.5;0.6;11.2;2.17
Mitchell Robinson;24;72;32;72.2;11;3739;12.5;22.2;0.3;0.4;0.3;0.1;0;0;0.3;1.8
Derrick Favors;30;39;15;53.4;13.1;1360;12.5;51.6;5.3;4.7;0.6;0.2;0.4;0.3;8.6;9.72
Josh Giddey;19;54;17;47.8;21.8;3538;35.9;50.8;4.8;2.4;1.2;0.7;0.7;0.2;6.5;5.99
Shai Gilgeous-Alexander;23;56;16;55.7;29.8;4102;30;45.3;24.5;5;5.9;2.8;1.3;0.8;23.1;5.5
Mike Muscala;30;43;15;63;19.8;1261;33.1;49.1;20.2;7;3.8;1.9;0.9;0.8;22.2;3.5
Aleksej Pokusevski;20;61;19;48.5;19.5;2595;28.9;40.8;7.6;5.2;2.1;1.5;0.6;0.6;9.9;3.11
Tre Mann;21;60;17;50.1;21.3;2869;36;39.3;10.4;2.9;1.5;1.2;0.8;0.2;8.4;2.9
Darius Bazley;22;69;19;51.5;18;4038;29.7;42.2;10.8;6.3;1.4;1.3;0.8;1;12.8;2.51
Ty Jerome;24;48;15;48.8;20.5;1661;29;37.8;7.1;1.6;2.3;0.8;0.6;0.1;6.5;2.41
Jeremiah Robinson-Earl;21;49;15;52.6;15.2;2247;32.4;38.3;7.3;2.8;1.4;0.7;0.6;0.4;7.7;2
Kenrich Williams;32;37;16;53.7;20.2;1951;33.9;46.1;7.4;4.5;2.2;0.9;0.9;0.2;10.3;2
Theo Maledon;21;51;14;50;20.1;1901;29.3;37.5;7.1;2.6;2.2;1.3;0.6;0.2;7;2
Isaiah Roby;24;45;10;60.7;18.5;2014;44.4;51.4;10.1;4.8;1.6;1;0.8;0.8;12.7;1.78
Luguentz Dort;23;51;17;54.1;22.8;3490;33.2;40.4;17.2;4.2;1.7;1.7;0.9;0.4;13.7;1.78
Gabriel Deck;27;7;2;64.3;11.9;120;50;57.1;2.6;0.9;0.7;0.3;0.1;0;3.1;1.69
Gary Harris;27;61;16;57.1;16;3631;38.4;43.4;11.1;2;1.8;1;1;0.1;9.6;20.93
Markelle Fultz;24;18;6;51.7;26.5;774;33.3;47.4;7.6;2.6;1.4;1.2;0.4;0.1;7.4;16.5
Terrence Ross;31;63;14;51.5;19.6;3059;29.2;39.7;10;2.6;1.8;1.2;0.4;0.2;8.2;12.5
Mo Bamba;24;71;19;58.2;17;3800;38.1;48;10.6;8.1;1.2;1.1;0.5;1.7;16.3;7.57
Wendell Carter Jr.;23;62;16;60.1;20.6;3876;32.7;52.5;15;10.5;2.8;1.9;0.6;0.7;21.5;6.92
Jalen Suggs;21;48;16;45.5;24.4;2785;27.1;46.9;5.5;3.5;2.1;0.8;0.5;0.5;8.2;6.59
Franz Wagner;20;79;21;55.9;20.8;5070;35.4;46.8;15.2;4.5;2.9;1.5;0.9;0.4;15.5;5.01
Robin Lopez;34;36;9;57;18.2;1280;33.3;55.3;7.1;3.5;1.5;1.2;0.1;0.5;8.5;5
Cole Anthony;22;65;18;51.9;24.5;4283;33.8;39.1;16.3;5.4;5.7;2.6;0.7;0.3;16.7;3.45
Chuma Okeke;23;70;21;50.1;15.9;3709;0;0;0;0;0;0;0;0;0;3.28
R.J. Hampton;25;11;8;64.7;15;158;20;57.1;2.7;1.3;0.5;0.3;0.1;0.1;3.6;2.3
Bol Bol;22;14;5;56.5;16;177;25;55.6;2.4;1.4;0.4;0.3;0.1;0.1;3;2.16
Moritz Wagner;25;63;16;62.3;22.4;2041;32.8;49.7;9;3.7;1.4;0.9;0.3;0.2;10.2;1.73
James Harden;32;65;40;58.3;26.6;5015;0;0;0;0;0.5;0;0;0;0;44.31
Tobias Harris;29;73;45;56.6;21.4;5131;36.7;48.2;17.2;6.8;3.5;1.6;0.6;0.6;19.4;36
Joel Embiid;28;68;45;61.6;37.5;4640;36.4;52.6;16.2;7.8;1.8;1.1;0.6;1;20.1;31.58
DeAndre Jordan;33;48;26;64.1;13.2;1321;41.7;56.1;5.1;2.9;1.2;0.6;0.9;0.4;8;11.11
Danny Green;35;62;37;56.1;12.1;2784;37.6;40.4;5.9;2.6;1;0.8;0.5;0.4;6.4;10
Furkan Korkmaz;24;67;44;50.2;17;2929;28.9;38.7;7.6;2.6;1.9;0.7;0.5;0.1;7.4;4.63
Willie Cauley-Stein;28;20;12;47.4;9.9;387;50;45.7;1.7;2;0.5;0.4;0.3;0.2;3.3;4.22
Georges Niang;29;76;48;59.4;16;3575;40.3;43.7;9.2;2.7;1.3;0.8;0.4;0.2;8.7;3.3
Matisse Thybulle;25;66;43;59.4;9.5;3398;0;0;0;0;0;1;1;0;-1;2.84
Paul Millsap;32;31;18;53.8;32.9;2242;22.9;39.1;3.5;3.5;0.9;0.6;0.3;0.4;5.7;2.64
Tyrese Maxey;21;75;45;59.4;19.9;5362;42.7;48.5;17.5;3.2;4.3;1.2;0.7;0.4;17.5;2.6
Jaden Springer;19;2;2;100;11.8;13;0;0;0;0;0;0;0;0;0;2.02
Shake Milton;25;55;34;51.7;17.4;2412;32.3;42.9;8.2;2.6;2.5;0.8;0.5;0.3;8.9;1.85
Isaiah Joe;22;55;35;51.9;14.4;1262;33.3;35;3.6;1;0.6;0.3;0.3;0.1;3.1;1.52
Paul Reed;37;33;22;45.8;15.8;782;25;56.3;3.1;2.4;0.4;0.3;0.9;0.4;5.6;1.52
Devin Booker;25;68;56;57.6;31.3;4943;38.3;46.6;26.8;5;4.8;2.4;1.1;0.4;23.8;31.65
Chris Paul;37;65;53;58.1;19.7;4466;31.8;37.6;8.6;5;1.7;0.8;1.4;0.6;11.3;30.8
Deandre Ayton;23;58;46;65.6;21.7;3590;32.7;46.2;21.1;8.3;9.2;2.6;2;0.3;27.7;12.63
Jae Crowder;31;67;54;54.1;14.6;3966;22.9;41.1;2.4;1.1;0.3;0.3;0.2;0.1;2.5;9.72
Cameron Payne;27;58;46;50;23.5;2725;37.5;44.1;13.3;4.2;1;0.9;0.7;0.8;12.8;6.5
Mikal Bridges;25;82;64;62.7;14.9;5976;40.8;43.5;13.7;3;5.3;1.7;1.3;0.3;15.2;5.56
JaVale McGee;34;74;57;65.1;21.4;2479;34.8;39.9;9.4;5.3;1.9;0.8;1.4;0.4;12.5;5
Torrey Craig;31;78;36;55.6;13.9;3329;32.9;45.4;6.6;4;1.2;0.9;0.6;0.5;8.7;4.88
Cameron Johnson;26;66;50;62.5;16.7;3680;33.6;40.9;10.8;3;4.9;1.8;0.7;0.3;11.7;4.44
Chandler Hutchison;26;6;4;69.4;11.1;52;33.3;31.3;6.2;3.2;0.8;0.2;0.4;0;5.8;4.22
Aaron Holiday;25;63;34;54.4;18.2;2113;37.9;44.7;6.3;1.9;2.4;1.1;0.7;0.1;7.1;3.98
Landry Shamet;25;69;53;55;16;3045;36.8;39.4;8.3;1.8;1.6;0.6;0.4;0.1;7.2;3.77
Elfrid Payton;28;50;39;39.7;17.5;1161;22.2;38.3;3;1.8;2;0.9;0.5;0.1;3.9;2.24
Frank Kaminsky;29;9;8;63.5;18.5;398;33.3;54.5;10.6;4.6;1.4;0.6;0.9;0.8;14.2;2.09
Abdel Nader;28;14;11;43.1;13.9;327;28.6;34.3;2.4;1.9;0.5;0.8;0.6;0.3;3;2
Bismack Biyombo;29;36;30;59.6;16.7;1045;40;44;6.5;3.8;0;0;0;0.3;7.1;1.52
Damian Lillard;31;29;12;55;28.8;2191;0;50;2;1;0.5;0;0;0;2.5;39.34
Eric Bledsoe;32;54;27;51.4;19.8;2826;31.3;42.1;9.9;3.4;4.2;2.1;1.3;0.4;11.4;18.13
Joe Ingles;34;45;28;55.1;12.9;2315;0;100;2;0;0;0;0;0;2;13.04
Josh Hart;27;54;20;61;18.4;3699;25.4;40;6.4;2.8;1.1;0.9;0.5;0.4;6.4;12
Jusuf Nurkic;27;56;25;58.6;23.3;3257;26.8;53.5;15;11.1;2.8;2.6;1.1;0.6;21.5;12
Kris Dunn;32;32;17;54.7;28.4;1990;9.1;43.1;7.6;3.5;5.6;2.3;1.6;0.2;11.9;5.32
Anfernee Simons;23;57;25;58.3;24.4;3447;40.5;44.3;17.3;2.6;3.9;2;0.5;0.1;14.4;3.94
Justise Winslow;26;48;24;47.9;17.8;1661;22.7;42.8;5.7;4.2;1.8;1;0.7;0.5;8.2;3.9
Keon Johnson;21;79;20;60.3;15.8;3536;34;35.3;7.2;2.2;2.1;1.2;0.8;0.3;6.3;2.55
Ben McLemore;29;64;20;56.7;20.7;2697;0;59.3;5.8;4.6;0.6;0.7;0.3;0.7;8.8;2.39
Cody Zeller;29;27;13;62.7;15.3;742;0;56.7;5.2;4.6;0.8;0.7;0.3;0.2;8.6;2.39
Nassir Little;22;42;19;57.5;15.5;2231;33.1;46;9.8;5.6;1.3;1;0.6;0.9;12.6;2.32
Drew Eubanks;25;71;19;63.8;17.1;2616;21.7;59.6;7.7;5.4;1.2;1.1;0.4;0.6;11.7;2.24
Dennis Smith Jr.;24;37;15;47.4;17.3;1350;22.2;41.8;5.6;2.4;3.6;1.4;1.2;0.3;8.1;1.79
Didi Louzada;22;9;0;51.7;13;271;39.1;36.4;3.9;1.9;0.6;0.6;0.2;0.2;3.8;1.79
CJ Elleby;22;58;17;49.1;14.3;2459;31.4;41.6;17.4;5.5;5.6;3.7;1.2;0.7;16.9;1.52
Elijah Hughes;24;36;15;42.6;15.8;920;26.3;32.6;3.5;1.6;0.6;0.5;0.4;0.2;3;1.52
De'Aaron Fox;24;59;22;54.9;28.4;4423;29.7;47.3;23.2;3.9;5.6;2.8;1.2;0.4;20.2;28.1
Harrison Barnes;30;77;27;62.3;18.4;5446;39.4;46.9;16.4;5.6;2.4;1.5;0.7;0.2;17.1;20.28
Domantas Sabonis;26;62;21;63.7;22.1;4420;31.2;57.3;18.9;12.1;5.2;3.1;1;0.4;27.7;18.5
Jeremy Lamb;30;56;23;52.1;18.9;1965;0;72.2;2.2;4.1;0.5;0.5;0.3;0.5;6.4;10.5
Richaun Holmes;32;75;38;48.8;27.3;4804;40;66;10.4;7;1.1;1.2;0.4;0.9;15.9;10.38
Justin Holiday;33;74;25;54.3;15.6;4302;36.7;39.4;10.1;2.6;1.7;0.9;0.8;0.4;9.2;6.01
Josh Jackson;25;51;12;49.1;19.6;1732;29.8;40.4;2.7;1.4;0.5;0.5;0.5;0.2;3.3;5.01
Donte DiVincenzo;25;42;21;51;18.7;2155;33.9;35.1;9;4;2.8;1.7;1.1;0.2;9.9;4.68
Davion Mitchell;23;75;28;48.9;20.2;4356;31.6;41.8;11.5;2.2;4.2;1.5;0.7;0.3;10.5;4.6
Terence Davis;25;30;11;54.3;24.4;1153;32.9;42.3;10.4;3.1;1.3;1.1;0.8;0.4;9.5;4
Alex Len;29;39;17;57.7;16.5;1326;28.6;53.4;6;4.1;1.2;1.1;0.3;0.6;8.5;3.73
Trey Lyles;26;75;19;58.8;20.5;3228;32.1;46.6;10.5;5.1;1.2;1;0.4;0.4;12;2.5
Damian Jones;27;56;19;70.1;16.3;2116;33.7;44.1;7.4;3.2;1;0.6;0.6;0.1;8.1;1.98
Chimezie Metu;25;60;23;54.6;18.4;2704;36.9;43.2;13.1;4.1;2.1;1.6;1;0.2;12.1;1.76
Jahmi'us Ramsey;21;19;2;46.8;20.8;289;37.3;50.2;16.3;3.9;4.8;1.6;0.8;0;17.4;1.52
Dejounte Murray;25;68;30;53.3;26.8;4988;35.2;50.4;27.9;5.2;4.9;2.4;0.9;0.3;25.8;15.43
Doug McDermott;30;51;21;59.3;17.8;2617;42.2;46.2;11.3;2.3;1.3;0.8;0.3;0.1;9.4;13.75
Josh Richardson;28;65;38;57.3;17.1;3292;30.7;37.4;5.8;2.3;1.6;1.1;0.4;0.5;5.8;11.62
Jakob Poeltl;26;68;30;61.3;18.2;4119;38;48.4;6.2;3.1;1.1;0.7;0.5;0.4;7.9;8.75
Zach Collins;24;28;14;59.4;18.4;1091;34.1;49;7.8;5.5;2.2;1.6;0.5;0.8;12;7
Lonnie Walker IV;23;70;27;51.2;23.2;3447;31.4;40.7;12.1;2.6;2.2;1;0.6;0.3;9.9;4.45
Devin Vassell;21;71;29;54;18.4;4131;36.1;42.7;12.3;4.3;1.9;0.8;1.1;0.6;13;4.24
Joshua Primo;19;50;22;48.7;15.2;2045;41.1;50.1;18.3;4.5;6.8;2.7;1.6;0.4;21.1;3.95
Romeo Langford;22;48;24;52;12.3;1586;34.1;43.5;4.5;2.3;0.4;0.3;0.5;0.3;5;3.8
Keldon Johnson;26;30;14;48.4;18;921;39.8;46.6;17;6.1;2.1;1.2;0.8;0.2;17.1;2.15
Keita Bates-Diop;28;32;6;45.6;17.4;1159;30.9;51.7;5.7;3.9;0.7;0.8;0.5;0.2;7.8;1.73
Robert Woodard II;22;12;0;20.7;15.8;90;25;12.5;0.6;0.9;0.3;0.1;0.1;0.1;0.8;1.62
Tre Jones;22;69;32;54.5;15.1;2452;19.6;49;6;2.2;3.4;0.7;0.6;0.1;8.8;1.52
Pascal Siakam;26;2;2;43.6;36;18;34.4;49.4;22.8;8.5;5.3;2.7;1.3;0.6;25.4;33
Fred VanVleet;28;65;39;55.2;23.3;4986;37.7;40.3;20.3;4.4;6.7;2.6;1.7;0.5;20.5;19.68
Gary Trent Jr.;23;70;44;54.6;21.2;4997;38.3;41.4;18.3;2.7;2;1;1.7;0.3;14.5;16.23
O.G. Anunoby;24;48;31;54.9;20.4;3494;36.3;44.3;17.1;5.5;2.6;1.7;1.5;0.5;16.8;16.07
Thaddeus Young;34;52;27;54.8;16.9;1764;35.4;51.8;6.2;4;2;1;1;0.3;9.5;14.19
Scottie Barnes;20;74;43;55.2;18.7;5277;30.1;49.2;15.3;7.5;3.5;1.8;1.1;0.7;19.1;7.28
Chris Boucher;29;80;48;57;17.2;3440;31.7;49.3;14.7;4.4;10.8;2.4;1.9;0.3;23.5;7.02
Khem Birch;26;82;53;58.6;12;3574;0;48.5;4.5;4.3;1;0.5;0.5;0.5;8.2;6.35
Precious Achiuwa;26;13;3;41.8;20.8;88;31.3;36.4;5.4;3.5;1.6;0.7;0.6;0.3;7.1;2.71
Malachi Flynn;24;44;25;48.8;15.7;1120;31.2;44.8;19.1;5.1;5.9;2.1;0.8;0.4;20.3;2.05
Yuta Watanabe;27;38;21;52.4;16.1;940;34.2;40.6;4.3;2.4;0.6;0.5;0.3;0.4;4.9;1.76
Armoni Brooks;24;54;20;48.3;15.9;1769;29.7;33.9;5.3;1.9;1.1;0.5;0.5;0.2;4.8;1.74
Isaac Bonga;22;15;9;36.3;10.8;151;25;23.1;0.8;0.5;0.3;0.1;0.5;0.1;1.2;1.73
Svi Mykhailiuk;25;56;29;50.9;16.1;1500;30.6;38.9;4.6;1.6;0.8;0.6;0.5;0.1;4.3;1.73
Daniel Oturu;22;3;1;54.9;12.5;58;30.8;51.9;8.2;4.9;0.9;1;0.4;0.7;10.6;1.6
Rudy Gobert;30;66;42;73.2;16.6;4381;0;71.3;15.6;14.7;1.1;1.8;0.7;2.1;28.1;35.34
Donovan Mitchell;25;67;41;57.2;32.2;4662;35.5;44.8;25.9;4.2;5.3;3;1.5;0.2;22.1;28.1
Mike Conley;34;72;44;57.2;20.2;4281;42.9;45.6;8;3;0.5;0.3;0.4;0.6;8.8;21
Bojan Bogdanovic;33;69;45;59.9;23.2;4382;38.7;45.5;18.1;4.3;1.7;1.7;0.5;0;15;18.7
Jordan Clarkson;30;79;47;53.2;25.8;4384;0;0;0;0.5;0;0;0;0;-1;12.42
Royce O'Neale;29;77;46;60.8;9.8;4924;38.9;45.7;7.4;4.8;2.5;1;1.1;0.4;11.9;8.8
Juancho Hernangomez;26;40;20;54.2;13.3;895;34.8;41.5;3.3;2.5;0.5;0.4;0.4;0.3;4.6;6.8
Rudy Gay;35;55;34;53.9;18.5;2161;34.5;41.4;8.1;4.4;1;0.9;0.5;0.3;9.1;5.89
Danuel House Jr.;29;42;18;55.5;14.6;1535;0;50;0.7;0.7;0.3;0;0;0;1.3;5
Nickeil Alexander-Walker;23;65;29;47.5;23.7;3015;31.1;37.2;10.6;2.9;2.4;1.4;0.7;0.4;8.5;3.26
Hassan Whiteside;33;65;40;66.2;16.4;2408;0;65.2;8.2;7.6;0.4;0.8;0.3;1.6;14.5;2.4
Udoka Azubuike;22;17;11;74.3;14.3;408;0;75.5;4.7;4.2;0;0.7;0.1;0.6;8;2.08
Eric Paschall;25;58;36;61.2;17.4;1524;37;48.5;5.8;1.8;0.6;0.5;0.2;0.1;5.5;1.78
Bradley Beal;29;40;17;53.9;29.7;2979;30;45.1;23.2;4.7;6.6;3.4;0.9;0.4;20.9;33.72
Kristaps Porzingis;28;14;1;48.2;17.6;707;31;45.9;20.2;8.1;2.3;1.6;0.7;1.6;22.5;31.65
Kentavious Caldwell-Pope;32;39;16;45.1;12.8;1171;39;43.5;13.2;3.4;1.9;1.3;1.1;0.3;12.3;13.04
Kyle Kuzma;24;19;15;52.6;18.2;402;34.1;45.2;17.1;8.5;3.5;2.6;0.6;0.9;19.3;13
Tomas Satoransky;30;55;21;46.1;12.4;1857;20.8;37.7;3.6;2.3;3.3;0.8;0.5;0.1;6.6;10
Thomas Bryant;24;27;8;60.7;18.8;900;28.6;52;7.4;4;0.9;0.7;0.2;0.8;9.8;8.67
Rui Hachimura;24;42;16;57.9;20.5;1943;44.7;49.1;11.3;3.8;1.1;0.8;0.5;0.2;11;4.92
Deni Avdija;21;82;35;53.6;15.8;4118;31.7;43.2;8.4;5.2;2;1.1;0.7;0.5;11.2;4.69
Ish Smith;33;65;27;46.5;19.5;2364;37.3;43;6.3;2.2;3.8;1.2;0.7;0.4;8.2;4.5
Corey Kispert;23;77;31;58.6;14.2;3712;35;45.5;8.2;2.7;1.1;0.6;0.5;0.3;8.4;3.38
Raul Neto;23;14;6;38;16;127;29.2;46.3;7.5;1.9;3.1;1.1;0.8;0;8.5;2.09
Daniel Gafford;23;72;30;70.8;16;2985;0;50;3;1.7;0;0;0;0.7;3.7;1.78
Anthony Gill;29;44;15;68.2;13.8;972;53.8;56.9;4.1;1.9;0.6;0.4;0.1;0.3;5.3;1.52
Vernon Carey Jr.;21;7;3;53.4;17.9;98;0;53.8;2.9;1.7;0;0.4;0.3;0.1;2.7;1.52
